{"cameraMode":{"drawMode":0,"name":"Shaded","section":"Shading Mode"},"sceneLighting":true,"audioPlay":false,"sceneViewState":{"m_AlwaysRefresh":false,"showFog":true,"showSkybox":true,"showFlares":true,"showImageEffects":true,"showParticleSystems":true,"showVisualEffectGraphs":true,"m_FxEnabled":true},"in2DMode":false,"pivot":{"x":238.11236572265626,"y":105.36013793945313,"z":222.79205322265626},"rotation":{"x":0.3628040850162506,"y":0.06584393233060837,"z":-0.024856820702552797,"w":0.9288572072982788},"size":1.0567671060562134,"orthographic":false}