{"cameraMode":{"drawMode":0,"name":"Shaded","section":"Shading Mode"},"sceneLighting":true,"audioPlay":false,"sceneViewState":{"m_AlwaysRefresh":false,"showFog":true,"showSkybox":true,"showFlares":true,"showImageEffects":true,"showParticleSystems":true,"showVisualEffectGraphs":true,"m_FxEnabled":true},"in2DMode":false,"pivot":{"x":227.95196533203126,"y":94.65038299560547,"z":269.43524169921877},"rotation":{"x":0.26512956619262698,"y":-0.047816209495067599,"z":0.014030772261321545,"w":0.9625884294509888},"size":10.161059379577637,"orthographic":false}