{"cameraMode":{"drawMode":0,"name":"Shaded","section":"Shading Mode"},"sceneLighting":true,"audioPlay":false,"sceneViewState":{"m_AlwaysRefresh":false,"showFog":true,"showSkybox":true,"showFlares":true,"showImageEffects":true,"showParticleSystems":true,"showVisualEffectGraphs":true,"m_FxEnabled":true},"in2DMode":false,"pivot":{"x":187.88807678222657,"y":123.20893096923828,"z":201.49868774414063},"rotation":{"x":-0.11641383916139603,"y":-0.502861738204956,"z":0.06807252764701843,"w":-0.8533828258514404},"size":1.0567671060562134,"orthographic":false}