{"cameraMode":{"drawMode":0,"name":"Shaded","section":"Shading Mode"},"sceneLighting":true,"audioPlay":false,"sceneViewState":{"m_AlwaysRefresh":false,"showFog":true,"showSkybox":true,"showFlares":true,"showImageEffects":true,"showParticleSystems":true,"showVisualEffectGraphs":true,"m_FxEnabled":true},"in2DMode":false,"pivot":{"x":251.47991943359376,"y":96.41150665283203,"z":238.41700744628907},"rotation":{"x":0.11201302707195282,"y":-0.5684394836425781,"z":0.07946636527776718,"w":0.8108158707618713},"size":1.144553542137146,"orthographic":false}