{"cameraMode":{"drawMode":0,"name":"Shaded","section":"Shading Mode"},"sceneLighting":true,"audioPlay":false,"sceneViewState":{"m_AlwaysRefresh":false,"showFog":true,"showSkybox":true,"showFlares":true,"showImageEffects":true,"showParticleSystems":true,"showVisualEffectGraphs":true,"m_FxEnabled":true},"in2DMode":false,"pivot":{"x":215.44960021972657,"y":96.34000396728516,"z":256.76580810546877},"rotation":{"x":0.004825441632419825,"y":0.24018777906894685,"z":-0.0005212528631091118,"w":0.970389723777771},"size":1.144553542137146,"orthographic":false}