{"cameraMode":{"drawMode":0,"name":"Shaded","section":"Shading Mode"},"sceneLighting":true,"audioPlay":false,"sceneViewState":{"m_AlwaysRefresh":false,"showFog":true,"showSkybox":true,"showFlares":true,"showImageEffects":true,"showParticleSystems":true,"showVisualEffectGraphs":true,"m_FxEnabled":true},"in2DMode":false,"pivot":{"x":237.31825256347657,"y":106.62564849853516,"z":223.28057861328126},"rotation":{"x":0.038800738751888278,"y":-0.13742195069789887,"z":0.006242415867745876,"w":0.9894059896469116},"size":1.0567671060562134,"orthographic":false}