{"cameraMode":{"drawMode":0,"name":"Shaded","section":"Shading Mode"},"sceneLighting":true,"audioPlay":false,"sceneViewState":{"m_AlwaysRefresh":false,"showFog":true,"showSkybox":true,"showFlares":true,"showImageEffects":true,"showParticleSystems":true,"showVisualEffectGraphs":true,"m_FxEnabled":true},"in2DMode":false,"pivot":{"x":237.3016357421875,"y":110.66680145263672,"z":215.41493225097657},"rotation":{"x":0.41437968611717226,"y":0.20876364409923554,"z":-0.09722744673490524,"w":0.88011634349823},"size":1.0567671060562134,"orthographic":false}