{"cameraMode":{"drawMode":0,"name":"Shaded","section":"Shading Mode"},"sceneLighting":false,"audioPlay":false,"sceneViewState":{"m_AlwaysRefresh":false,"showFog":true,"showSkybox":false,"showFlares":true,"showImageEffects":true,"showParticleSystems":true,"showVisualEffectGraphs":true,"m_FxEnabled":true},"in2DMode":false,"pivot":{"x":0.23252075910568238,"y":0.757722795009613,"z":1.2104482650756837},"rotation":{"x":0.012167339213192463,"y":0.9770635366439819,"z":-0.20393633842468263,"w":0.05445636436343193},"size":0.9372766613960266,"orthographic":false}