{"cameraMode":{"drawMode":0,"name":"Shaded","section":"Shading Mode"},"sceneLighting":true,"audioPlay":false,"sceneViewState":{"m_AlwaysRefresh":false,"showFog":true,"showSkybox":true,"showFlares":true,"showImageEffects":true,"showParticleSystems":true,"showVisualEffectGraphs":true,"m_FxEnabled":true},"in2DMode":false,"pivot":{"x":361.71771240234377,"y":-13.174591064453125,"z":312.5164794921875},"rotation":{"x":-0.29926177859306338,"y":-0.31387612223625185,"z":0.10497234016656876,"w":-0.8945892453193665},"size":133.52239990234376,"orthographic":false}