{"cameraMode":{"drawMode":0,"name":"Shaded","section":"Shading Mode"},"sceneLighting":true,"audioPlay":false,"sceneViewState":{"m_AlwaysRefresh":false,"showFog":true,"showSkybox":true,"showFlares":true,"showImageEffects":true,"showParticleSystems":true,"showVisualEffectGraphs":true,"m_FxEnabled":true},"in2DMode":false,"pivot":{"x":700.4550170898438,"y":603.0789794921875,"z":10.652000427246094},"rotation":{"x":0.014050417579710484,"y":-0.7460631132125855,"z":0.015353361144661904,"w":0.6656121015548706},"size":0.5674225687980652,"orthographic":false}