{"cameraMode":{"drawMode":0,"name":"Shaded","section":"Shading Mode"},"sceneLighting":false,"audioPlay":false,"sceneViewState":{"m_AlwaysRefresh":false,"showFog":true,"showSkybox":false,"showFlares":true,"showImageEffects":true,"showParticleSystems":true,"showVisualEffectGraphs":true,"m_FxEnabled":true},"in2DMode":false,"pivot":{"x":-0.8373665809631348,"y":0.8052297830581665,"z":0.6871196031570435},"rotation":{"x":0.09834130853414536,"y":0.7722578644752502,"z":-0.12252383679151535,"w":0.6150688529014587},"size":0.994987428188324,"orthographic":false}